model,training_seconds,train_mae,test_mae,train_rmse,test_rmse,train_r2,test_r2,log_test_mae,log_test_rmse
Linear Regression,0.1244,33.27293,24.601423,408.485489,327.31248,0.797789,0.807227,0.2594,0.41973
Median Baseline,0.0798,84.134781,60.260452,912.241782,747.881179,-0.008489,-0.006436,0.605658,1.133206
